MaxSpeed,FuelEfficiency
187.15574720696566,16.712671532079504
191.2156905273647,18.4066969205418
201.66102486350553,17.862005290479612
201.07604104069804,16.9541737539174
152.44661264085818,14.054192266078966
161.24349920169755,17.276907661479807
190.3007053441732,12.681524356387287
190.2757190182442,14.289544179779975
190.30095372612095,13.54390935651269
257.05462981309444,15.24562241815897
